{
  "index": {
    "Actions": "Actions.sysml",
    "Allocations": "Allocations.sysml",
    "AnalysisCases": "AnalysisCase.sysml",
    "Attributes": "Attributes.sysml",
    "Calculations": "Calculations.sysml",
    "Cases": "Cases.sysml",
    "Connections": "Connections.sysml",
    "Constraints": "Constraints.sysml",
    "Interfaces": "Interfaces.sysml",
    "Items": "Items.sysml",
    "Metadata": "Metadata.sysml",
    "Parts": "Parts.sysml",
    "Ports": "Ports.sysml",
    "Requirements": "Requirements.sysml",
    "StandardViewDefinitions": "StandardViewDefinitions.sysml",
    "States": "States.sysml",
    "SysML": "SysML.sysml",
    "UseCases": "UseCases.sysml",
    "VerificationCases": "VerificationCases.sysml",
    "Views": "Views.sysml"
  },
  "created": "2024-02-20T00:00:00Z",
  "metamodel": "https://www.omg.org/spec/SysML/20240201"
}