{
  "index": {
    "ISQ": "ISQ.sysml",
    "ISQAcoustics": "ISQAcoustics.sysml",
    "ISQAtomicNuclear": "ISQAtomicNuclear.sysml",
    "ISQBase": "ISQBase.sysml",
    "ISQCharacteristicNumbers": "ISQCharacteristicNumbers.sysml",
    "ISQChemistryMolecular": "ISQChemistryMolecular.sysml",
    "ISQCondensedMatter": "ISQCondensedMatter.sysml",
    "ISQElectromagnetism": "ISQElectromagnetism.sysml",
    "ISQInformation": "ISQInformation.sysml",
    "ISQLight": "ISQLight.sysml",
    "ISQMechanics": "ISQMechanics.sysml",
    "ISQSpaceTime": "ISQSpaceTime.sysml",
    "ISQThermodynamics": "ISQThermodynamics.sysml",
    "MeasurementReferences": "MeasurementReferences.sysml",
    "Quantities": "Quantities.sysml",
    "QuantityCalculations": "QuantityCalculations.sysml",
    "SI": "SI.sysml",
    "SIPrefixes": "SIPrefixes.sysml",
    "TensorCalculations": "TensorCalculations.sysml",
    "Time": "Time.sysml",
    "USCustomaryUnits": "USCustomaryUnits.sysml",
    "VectorCalculations": "VectorCalculations.sysml"
  },
  "created": "2022-12-16T00:00:00Z",
  "metamodel": "https://www.omg.org/spec/SysML/20240201"
}