{
  "index": {
    "Base": "Base.kerml",
    "Clocks": "Clocks.kerml",
    "ControlPerformances": "ControlPerformances.kerml",
    "FeatureReferencingPerformances": "FeatureReferencingPerformances.kerml",
    "KerML": "KerML.kerml",
    "Links": "Links.kerml",
    "Metaobjects": "Metaobjects.kerml",
    "Objects": "Objects.kerml",
    "Observation": "Observation.kerml",
    "Occurrences": "Occurrences.kerml",
    "Performances": "Performances.kerml",
    "SpatialFrames": "SpatialFrames.kerml",
    "StatePerformances": "StatePerformances.kerml",
    "Transfers": "Transfers.kerml",
    "TransitionPerformances": "TransitionPerformances.kerml",
    "Triggers": "Triggers.kerml"
  },
  "created": "2024-02-20T00:00:00Z",
  "metamodel": "https://www.omg.org/spec/KerML/20240201"
}